connection_id,id,issue_id,category,field_name,author_id,author_name,from_value,to_value,original_from_value,original_to_value,created
1,0-3.9-1,2-1,CustomFieldCategory,Blocked?,58-1,User 3,,92-2,,Moving,2023-11-21T13:50:59.041+00:00
1,0-3.9-11,2-1,IssueResolvedCategory,resolved,1-1,User 1,,1700730426959,,1700730426959,2023-11-23T09:07:07.008+00:00
1,0-3.9-16,2-1,CustomFieldCategory,Days in stage,43-1,User 88,,1,,1,2024-06-04T10:11:00.557+00:00
1,0-3.9-17,2-1,CustomFieldCategory,Days in stage,43-1,User 88,1,2,1,2,2024-06-04T10:13:02.205+00:00
1,0-3.9-17561,2-170,CustomFieldCategory,Deadline,1-9,User 10,,1750766400000,,1750766400000,2025-05-29T08:36:14.122+00:00
1,0-3.9-17976,2-191,CustomFieldCategory,State,1-23,User 25,94-87,94-101,Backlog,Discard [Discovery],2025-08-21T15:43:23.922+00:00
1,0-3.9-18032,2-195,CustomFieldCategory,State,1-8,User 9,94-89,94-87,To Do,Backlog,2025-05-20T09:41:42.651+00:00
1,0-3.9-18033,2-195,SummaryCategory,summary,1-8,User 9,the pricing service adds the delivery fee ,[traffic] the pricing service adds the delivery fee ,the pricing service adds the delivery fee ,[traffic] the pricing service adds the delivery fee ,2025-05-20T09:41:43.667+00:00
1,0-3.9-2,2-1,CustomFieldCategory,State,58-1,User 3,,94-55,,To Do,2023-11-21T13:50:59.041+00:00
1,0-3.9-20472,2-384,CustomFieldCategory,Assignee,1-48,User 50,,"[""1-49"",""1-52""]",,"[""User 52"",""User 55""]",2025-11-06T10:35:55.475+00:00
1,0-3.9-20474,2-384,CustomFieldCategory,Assignee,1-48,User 50,"[""1-49"",""1-52""]",,"[""User 52"",""User 55""]",,2025-11-06T10:36:26.503+00:00
1,0-3.9-20513,2-384,CustomFieldCategory,Assignee,1-53,User 56,"[""1-49"",""1-52""]",1-53,"[""User 52"",""User 55""]",User 56,2025-11-06T11:07:29.376+00:00
1,0-3.9-20590,2-384,IssueResolvedCategory,resolved,1-48,User 50,1762520345945,,1762520345945,,2025-11-07T13:17:48.466+00:00
1,0-3.9-20591,2-384,CustomFieldCategory,State,1-48,User 50,94-6,94-37,Declined,To Do,2025-11-07T13:17:48.466+00:00
1,0-3.9-20696,2-384,CustomFieldCategory,State,1-48,User 50,94-6,94-5,Declined,Closed,2025-11-13T11:17:12.712+00:00
1,0-3.9-20804,2-387,TagsCategory,tags,1-48,User 50,6-20,,back,,2025-11-05T11:15:59.845+00:00
1,0-3.9-20833,2-388,CustomFieldCategory,Reason for blocking,1-48,User 50,,route a late order (should trigger),,route a late order (should trigger),2025-09-16T08:45:20.789+00:00
1,0-3.9-20835,2-388,SummaryCategory,summary,1-45,User 47,own opening hours delivery zone and minimum,captured after the restaurant accepts/the,own opening hours delivery zone and minimum,captured after the restaurant accepts/the,2025-09-17T08:13:07.258+00:00
1,0-3.9-20836,2-388,CustomFieldCategory,Reason for blocking,1-56,User 59,route a late order (should trigger),,route a late order (should trigger),,2025-10-21T08:28:44.330+00:00
1,0-3.9-20842,2-388,CustomFieldCategory,Assignee,1-48,User 50,1-48,,User 50,,2025-10-29T14:19:35.388+00:00
1,0-3.9-20855,2-388,CustomFieldCategory,Assignee,1-53,User 56,1-53,1-52,User 56,User 55,2025-11-13T08:33:00.216+00:00
1,0-3.9-20857,2-388,CustomFieldCategory,Assignee,1-52,User 55,1-52,"[""1-45"",""1-53""]",User 55,"[""User 47"",""User 56""]",2025-11-13T10:05:30.333+00:00
1,0-3.9-21055,2-399,TagsCategory,tags,1-48,User 50,6-25,6-20,okr,back,2025-12-03T13:56:16.903+00:00
1,0-3.9-4432,2-26,CustomFieldCategory,Assignee,1-9,User 10,,,,,2023-12-14T08:55:51.686+00:00
1,0-3.9-46,2-1,TagsCategory,tags,43-1,User 88,,6-1,,Долго в работе,2024-06-12T20:00:12.408+00:00
1,0-3.9-7,2-1,CustomFieldCategory,Assignee,58-1,User 3,,1-7,,User 8,2023-11-21T13:51:53.383+00:00
1,0-3.9-7241,2-44,CustomFieldCategory,State,1-6,User 7,94-78,94-67,Ready for Test,Ready for Stage,2024-01-24T14:40:40.767+00:00
1,2-1.0-3,2-1,IssueCreatedCategory,,1-2,User 2,,,,,2023-11-21T13:39:13.357+00:00
1,2-388.0-3,2-388,IssueCreatedCategory,,1-45,User 47,,,,,2025-09-04T14:59:12.286+00:00
