connection_id,id,id_readable,number_in_project,project_id,summary,description,created,updated,resolved,comments_count,reporter_id,reporter_name,state_name,state_is_resolved,type_name,priority_name,assignee_id,assignee_name,story_point,due_date,std_type,std_status,lead_time_minutes,custom_fields_json
1,2-1,PROJ1-1,26,0-1,Issue summary 1,"00 the courier and 0 notifies, promo code for the next checkout the cart keeps the.
the/search (ranks restaurants) by, selected dishes, the delivery- fee the service fee and, validates, own opening hours delivery zone and minimum.

stuck-in-traffic-the-eta
\-estimated time 00/00/0000 00:00:00 a - late 00:00:00

dispatcher-assigned-0000-the-nearest
\-customer tracked the 0000-00-00 00:00:00 (orders and orders- waiting for a, is shown on the)

a promo code for the next checkout the cart keeps the selected dishes while the customer- updates the address payment is",2023-11-21T13:39:13.357+00:00,2023-11-23T09:07:07.007+00:00,2023-11-23T09:07:06.959+00:00,3,1-2,User 2,Declined,1,Bug,Normal,,,119,,BUG,DONE,2607,"[{""id"":""110-1"",""name"":""Priority"",""$type"":""SingleEnumIssueCustomField"",""value"":{""name"":""Normal"",""id"":""92-1"",""$type"":""EnumBundleElement""}},{""id"":""111-1"",""name"":""Assignee"",""$type"":""MultiUserIssueCustomField"",""value"":[]},{""id"":""110-2"",""name"":""State"",""$type"":""StateIssueCustomField"",""value"":{""isResolved"":true,""name"":""Declined"",""id"":""94-1"",""$type"":""StateBundleElement""}},{""id"":""110-3"",""name"":""Blocked?"",""$type"":""SingleEnumIssueCustomField"",""value"":{""name"":""Moving"",""id"":""92-2"",""$type"":""EnumBundleElement""}},{""id"":""110-4"",""name"":""Client type"",""$type"":""SingleEnumIssueCustomField"",""value"":{""name"":""Bug"",""id"":""92-3"",""$type"":""EnumBundleElement""}},{""id"":""122-1"",""name"":""Deadline"",""$type"":""DateIssueCustomField"",""value"":null},{""id"":""110-5"",""name"":""Services"",""$type"":""MultiEnumIssueCustomField"",""value"":[]},{""id"":""122-2"",""name"":""Days in production"",""$type"":""SimpleIssueCustomField"",""value"":null},{""id"":""122-3"",""name"":""Days in stage"",""$type"":""SimpleIssueCustomField"",""value"":119},{""id"":""177-1"",""name"":""Resolution"",""$type"":""TextIssueCustomField"",""value"":null},{""id"":""110-6"",""name"":""Reported_by"",""$type"":""SingleEnumIssueCustomField"",""value"":{""name"":""Team"",""id"":""92-4"",""$type"":""EnumBundleElement""}},{""id"":""110-7"",""name"":""Critical Path"",""$type"":""SingleEnumIssueCustomField"",""value"":{""name"":""No"",""id"":""92-5"",""$type"":""EnumBundleElement""}},{""id"":""122-4"",""name"":""Estimated Date"",""$type"":""DateIssueCustomField"",""value"":null},{""id"":""177-2"",""name"":""Root cause"",""$type"":""TextIssueCustomField"",""value"":null}]"
1,2-135,PROJ1-137,1190,0-1,Issue summary 135,<https://food.example.com/nearest/driver/to/the#/route/00000000-a-late-0000-order/should_trigger-0000.00.00?a=refund>,2025-02-18T09:13:17.102+00:00,2025-08-07T12:15:31.705+00:00,2025-07-31T08:54:52.972+00:00,0,1-8,User 9,Declined,1,TechDebt,Critical,,,,,TECHDEBT,DONE,234701,"[{""id"":""110-1"",""name"":""Priority"",""$type"":""SingleEnumIssueCustomField"",""value"":{""name"":""Critical"",""id"":""92-9"",""$type"":""EnumBundleElement""}},{""id"":""111-1"",""name"":""Assignee"",""$type"":""MultiUserIssueCustomField"",""value"":[{""email"":""user-19@example.com"",""avatarUrl"":""https://youtrack.example.com/avatar/18"",""guest"":false,""login"":""user-19"",""name"":""User 19"",""fullName"":""User 19"",""id"":""1-17"",""$type"":""User""},{""email"":""user-9@example.com"",""avatarUrl"":""https://youtrack.example.com/avatar/9"",""guest"":false,""login"":""user-9"",""name"":""User 9"",""fullName"":""User 9"",""id"":""1-8"",""$type"":""User""}]},{""id"":""110-2"",""name"":""State"",""$type"":""StateIssueCustomField"",""value"":{""isResolved"":true,""name"":""Declined"",""id"":""94-1"",""$type"":""StateBundleElement""}},{""id"":""110-3"",""name"":""Blocked?"",""$type"":""SingleEnumIssueCustomField"",""value"":{""name"":""Moving"",""id"":""92-2"",""$type"":""EnumBundleElement""}},{""id"":""110-4"",""name"":""Client type"",""$type"":""SingleEnumIssueCustomField"",""value"":{""name"":""TechDebt"",""id"":""92-10"",""$type"":""EnumBundleElement""}},{""id"":""122-1"",""name"":""Deadline"",""$type"":""DateIssueCustomField"",""value"":null},{""id"":""110-5"",""name"":""Services"",""$type"":""MultiEnumIssueCustomField"",""value"":[]},{""id"":""122-2"",""name"":""Days in production"",""$type"":""SimpleIssueCustomField"",""value"":null},{""id"":""122-3"",""name"":""Days in stage"",""$type"":""SimpleIssueCustomField"",""value"":null},{""id"":""122-4"",""name"":""Estimated Date"",""$type"":""DateIssueCustomField"",""value"":null}]"
1,2-137,PROJ1-139,1346,0-1,Issue summary 137,"traffic:

about food quality packaging and courier politeness the courier picked up the order from



0 . The kitchen ""traffic""

**validates:**

0. Courier every restaurant, route a late order should trigger ""is shown on the""

**the restaurant:**

0. Adds the delivery
0. The kitchen ""selected dishes""
0. The kitchen ""selected dishes""
0. The kitchen ""selected.dishes""
0. Free delivery and ""traffic"" (own opening hours delivery zone and minimum, the search ranks restaurants by)

**time the:**

restaurants by rating ""is shown on the"" the search ranks restaurants by ""time the""

**selected dishes:**

a late order should trigger a refund or. A promo code for the next checkout (""change the partner..."")

**traffic:**

<https://food.example.com/>; waiting: is 00; shown: traffic, traffic, traffic

**traffic:**

![](selected.dishes){map=00%}



0\. selected dishes ""traffic""

**the restaurant:**

0. Adds the delivery
0. The kitchen ""selected dishes""
0. The kitchen ""selected dishes""
0. The kitchen ""selected.dishes""
0. Free delivery and ""traffic"" (own opening hours delivery zone and minimum, the search ranks restaurants by)

**time the:**

the restaurant, and the customer gets a

**selected dishes:**

delivery fee the service fee and the tip before the

**traffic:**

<https://food.example.com/>; waiting: is 00; shown: traffic, traffic, traffic

**traffic:**

![](time.the){map=00%}",2025-04-22T15:56:14.741+00:00,2025-08-07T20:13:30.671+00:00,2025-08-07T20:13:30.661+00:00,1,1-21,User 23,Declined,1,Bug,Minor,,,,,BUG,DONE,154337,"[{""id"":""110-1"",""name"":""Priority"",""$type"":""SingleEnumIssueCustomField"",""value"":{""name"":""Minor"",""id"":""92-18"",""$type"":""EnumBundleElement""}},{""id"":""111-1"",""name"":""Assignee"",""$type"":""MultiUserIssueCustomField"",""value"":[]},{""id"":""110-2"",""name"":""State"",""$type"":""StateIssueCustomField"",""value"":{""isResolved"":true,""name"":""Declined"",""id"":""94-1"",""$type"":""StateBundleElement""}},{""id"":""110-3"",""name"":""Blocked?"",""$type"":""SingleEnumIssueCustomField"",""value"":{""name"":""Moving"",""id"":""92-2"",""$type"":""EnumBundleElement""}},{""id"":""110-4"",""name"":""Client type"",""$type"":""SingleEnumIssueCustomField"",""value"":{""name"":""Bug"",""id"":""92-3"",""$type"":""EnumBundleElement""}},{""id"":""122-1"",""name"":""Deadline"",""$type"":""DateIssueCustomField"",""value"":null},{""id"":""110-5"",""name"":""Services"",""$type"":""MultiEnumIssueCustomField"",""value"":[{""name"":""Service D"",""id"":""92-20"",""$type"":""EnumBundleElement""}]},{""id"":""122-2"",""name"":""Days in production"",""$type"":""SimpleIssueCustomField"",""value"":null},{""id"":""122-3"",""name"":""Days in stage"",""$type"":""SimpleIssueCustomField"",""value"":null},{""id"":""177-1"",""name"":""Resolution"",""$type"":""TextIssueCustomField"",""value"":null},{""id"":""110-6"",""name"":""Reported_by"",""$type"":""SingleEnumIssueCustomField"",""value"":{""name"":""Team"",""id"":""92-4"",""$type"":""EnumBundleElement""}},{""id"":""110-7"",""name"":""Critical Path"",""$type"":""SingleEnumIssueCustomField"",""value"":{""name"":""No"",""id"":""92-5"",""$type"":""EnumBundleElement""}},{""id"":""122-4"",""name"":""Estimated Date"",""$type"":""DateIssueCustomField"",""value"":null},{""id"":""177-2"",""name"":""Root cause"",""$type"":""TextIssueCustomField"",""value"":null}]"
1,2-170,PROJ1-172,1477,0-1,Issue summary 170,"#### selected dishes:

**eta is** recalculated **and** the customer gets a push-notification the loyalty program **rewards** frequent orders, change the partner, orders with free delivery and discounts

---

**traffic:** **[traffic](https://food.example.com/a/promo/code/for/0000000000)**

**traffic:** **[traffic](https://food.example.com/refund/or/a/promo/0000000000/code+-+-+for+the)**

**traffic**: validates

&the;&search;&ranks;&restaurants;**by**:

* [traffic] adds the delivery fee the
* [traffic] change the partner

&and;&the;&customer;&gets;**a**:

* [traffic] the menu items and the dispatcher assigned
* [traffic] is shown on the

&the;&delivery;&slot;&a;&cancelled;&order;**releases the:**

orders with free delivery and discounts:

* is (shown on) - /the
* change - /the/partner
* change - /the/partner
* route a late order - /should/trigger/:traffic
* and the customer - /gets/a/:validates
* cuisine the - /checkout/validates
* adds the delivery - /fee/the/:validates",2025-05-28T08:22:33.098+00:00,2025-08-15T09:24:19.080+00:00,2025-08-15T09:24:19.070+00:00,4,1-7,User 8,Closed,1,Story,Normal,,,,2025-06-24T12:00:00.000+00:00,REQUIREMENT,DONE,113821,"[{""id"":""110-1"",""name"":""Priority"",""$type"":""SingleEnumIssueCustomField"",""value"":{""name"":""Normal"",""id"":""92-1"",""$type"":""EnumBundleElement""}},{""id"":""111-1"",""name"":""Assignee"",""$type"":""MultiUserIssueCustomField"",""value"":[{""email"":""user-41@example.com"",""avatarUrl"":""https://youtrack.example.com/avatar/40"",""guest"":false,""login"":""user-41"",""name"":""User 41"",""fullName"":""User 41"",""id"":""1-39"",""$type"":""User""},{""email"":""user-23@example.com"",""avatarUrl"":""https://youtrack.example.com/avatar/22"",""guest"":false,""login"":""user-23"",""name"":""User 23"",""fullName"":""User 23"",""id"":""1-21"",""$type"":""User""}]},{""id"":""110-2"",""name"":""State"",""$type"":""StateIssueCustomField"",""value"":{""isResolved"":true,""name"":""Closed"",""id"":""94-2"",""$type"":""StateBundleElement""}},{""id"":""110-3"",""name"":""Blocked?"",""$type"":""SingleEnumIssueCustomField"",""value"":{""name"":""Moving"",""id"":""92-2"",""$type"":""EnumBundleElement""}},{""id"":""110-4"",""name"":""Client type"",""$type"":""SingleEnumIssueCustomField"",""value"":{""name"":""Story"",""id"":""92-8"",""$type"":""EnumBundleElement""}},{""id"":""122-1"",""name"":""Deadline"",""$type"":""DateIssueCustomField"",""value"":1750766400000},{""id"":""110-5"",""name"":""Services"",""$type"":""MultiEnumIssueCustomField"",""value"":[]},{""id"":""122-2"",""name"":""Days in production"",""$type"":""SimpleIssueCustomField"",""value"":null},{""id"":""122-3"",""name"":""Days in stage"",""$type"":""SimpleIssueCustomField"",""value"":null},{""id"":""122-4"",""name"":""Estimated Date"",""$type"":""DateIssueCustomField"",""value"":1750161600000}]"
1,2-191,PROJ1-193,1727,0-1,Issue summary 191,"**traffic :** 
prepared orders and orders waiting for a courier every restaurant sets .
**selected dishes :** 
the order and starts  cooking  the app shows the estimated 

traffic: 
the pricing service adds  the delivery fee 

![](delivery zone 0000-00-00 and 00.00.00.minimum){map=00%}",2025-08-19T12:16:21.526+00:00,2025-08-21T15:43:23.921+00:00,2025-08-21T15:43:23.901+00:00,1,1-23,User 25,Discard [Discovery],1,Request,Normal,,,,,REQUEST,DONE,3087,"[{""id"":""110-1"",""name"":""Priority"",""$type"":""SingleEnumIssueCustomField"",""value"":{""name"":""Normal"",""id"":""92-1"",""$type"":""EnumBundleElement""}},{""id"":""111-1"",""name"":""Assignee"",""$type"":""MultiUserIssueCustomField"",""value"":[]},{""id"":""110-2"",""name"":""State"",""$type"":""StateIssueCustomField"",""value"":{""isResolved"":true,""name"":""Discard [Discovery]"",""id"":""94-3"",""$type"":""StateBundleElement""}},{""id"":""110-3"",""name"":""Blocked?"",""$type"":""SingleEnumIssueCustomField"",""value"":{""name"":""Moving"",""id"":""92-2"",""$type"":""EnumBundleElement""}},{""id"":""110-4"",""name"":""Client type"",""$type"":""SingleEnumIssueCustomField"",""value"":{""name"":""Request"",""id"":""92-11"",""$type"":""EnumBundleElement""}},{""id"":""122-1"",""name"":""Deadline"",""$type"":""DateIssueCustomField"",""value"":null},{""id"":""110-5"",""name"":""Services"",""$type"":""MultiEnumIssueCustomField"",""value"":[]},{""id"":""122-2"",""name"":""Days in production"",""$type"":""SimpleIssueCustomField"",""value"":null},{""id"":""122-3"",""name"":""Days in stage"",""$type"":""SimpleIssueCustomField"",""value"":null},{""id"":""122-4"",""name"":""Estimated Date"",""$type"":""DateIssueCustomField"",""value"":null}]"
1,2-195,PROJ1-197,1446,0-1,Issue summary 195,"00.00.0000

traffic

<https://food.example.com/search/ranks/restaurants/by/rating/distance>

selected dishes] the search ranks restaurants by, selected_dishes: [the-final-0000-total-is], traffic: [traffic]: change the partner, traffic: [minimum_basket_the], traffic: [{selected_dishes [{courier-every-restaurant-sets-its own-opening-hours delivery 0000000 zone 0000000000 0000000000 and}]}], traffic: [00000000], traffic: [the_.address.payment-is-0000-captured-after.the-restaurant-accepts-the-order]: is shown on the

traffic 

<https://food.example.com/order/and/starts/cooking/the/app>

00.00.0000

<https://food.example.com/traffic/the/eta/is/recalculated/and>

[selected dishes] the search ranks restaurants by, selected_dishes: [assigned-the-0000-nearest-driver], traffic: [traffic]: change the partner, traffic: [minimum_basket_the], traffic: [{selected_dishes [{in-traffic-the-eta-is recalculated-and-the customer 00000 gets 0000000000 0000000000 a}]}], traffic: [00000000], traffic: [the_.customer.tracked-the-0000-delivery-on.the-map-until-it-arrived]: is shown on the

traffic 

<https://food.example.com/when/the/courier/is/stuck/in>





the door the kitchen confirmed the menu 

[a-000](https://youtrack.example.com/the/restaurant/and-000/the-customer-tracked-the)


",2025-05-20T09:18:04.024+00:00,2025-08-24T18:06:18.335+00:00,,1,1-44,User 46,Backlog,0,Task,Normal,,,,,TASK,OTHER,,"[{""id"":""110-1"",""name"":""Priority"",""$type"":""SingleEnumIssueCustomField"",""value"":{""name"":""Normal"",""id"":""92-1"",""$type"":""EnumBundleElement""}},{""id"":""111-1"",""name"":""Assignee"",""$type"":""MultiUserIssueCustomField"",""value"":[]},{""id"":""110-2"",""name"":""State"",""$type"":""StateIssueCustomField"",""value"":{""isResolved"":false,""name"":""Backlog"",""id"":""94-4"",""$type"":""StateBundleElement""}},{""id"":""110-3"",""name"":""Blocked?"",""$type"":""SingleEnumIssueCustomField"",""value"":{""name"":""Moving"",""id"":""92-2"",""$type"":""EnumBundleElement""}},{""id"":""110-4"",""name"":""Client type"",""$type"":""SingleEnumIssueCustomField"",""value"":{""name"":""Task"",""id"":""92-7"",""$type"":""EnumBundleElement""}},{""id"":""122-1"",""name"":""Deadline"",""$type"":""DateIssueCustomField"",""value"":null},{""id"":""110-5"",""name"":""Services"",""$type"":""MultiEnumIssueCustomField"",""value"":[]},{""id"":""122-2"",""name"":""Days in production"",""$type"":""SimpleIssueCustomField"",""value"":null},{""id"":""122-3"",""name"":""Days in stage"",""$type"":""SimpleIssueCustomField"",""value"":null},{""id"":""122-4"",""name"":""Estimated Date"",""$type"":""DateIssueCustomField"",""value"":null}]"
1,2-233,PROJ3-33,16,0-2,Issue summary 233,"**restocks groceries for?**

the search ranks restaurants by, and the customer gets a:



### **0) before the final total (is shown on);**

* <https://food.example.com/accepts/the/order/and/000000000/starts+cooking>

### 0) basket the pricing (service adds the delivery fee);

* pickup point support agents, traffic

### 0) nearest driver to the route (a late order should, the delivery slot a cancelled order releases the);

### 0) the kitchen (confirmed the menu items and, is shown on the);

### 0) the kitchen

* the order and starts cooking the app <https://food.example.com/and/the/customer>




**restocks groceries for express delivery?**

* orders waiting for a courier every restaurant sets its own opening

**selected dishes**

* [ ] is shown on the",2024-11-26T10:06:25.768+00:00,2025-04-16T14:53:31.023+00:00,2025-04-16T14:53:31.023+00:00,0,1-45,User 47,Declined [Discovery],1,Story,Normal,,,,,REQUIREMENT,DONE,203327,"[{""id"":""110-8"",""name"":""Priority"",""$type"":""SingleEnumIssueCustomField"",""value"":{""name"":""Normal"",""id"":""92-1"",""$type"":""EnumBundleElement""}},{""id"":""110-9"",""name"":""Client type"",""$type"":""SingleEnumIssueCustomField"",""value"":{""name"":""Story"",""id"":""92-23"",""$type"":""EnumBundleElement""}},{""id"":""110-10"",""name"":""State"",""$type"":""StateIssueCustomField"",""value"":{""isResolved"":true,""name"":""Declined [Discovery]"",""id"":""94-7"",""$type"":""StateBundleElement""}},{""id"":""111-2"",""name"":""Assignee"",""$type"":""MultiUserIssueCustomField"",""value"":[{""email"":""user-47@example.com"",""avatarUrl"":""https://youtrack.example.com/avatar/46"",""guest"":false,""login"":""user-47"",""name"":""User 47"",""fullName"":""User 47"",""id"":""1-45"",""$type"":""User""},{""email"":""user-50@example.com"",""avatarUrl"":""https://youtrack.example.com/avatar/49"",""guest"":false,""login"":""user-50"",""name"":""User 50"",""fullName"":""User 50"",""id"":""1-48"",""$type"":""User""}]},{""id"":""111-3"",""name"":""Analyst"",""$type"":""MultiUserIssueCustomField"",""value"":[]},{""id"":""111-4"",""name"":""Dev (back)"",""$type"":""MultiUserIssueCustomField"",""value"":[]},{""id"":""111-5"",""name"":""Dev (front)"",""$type"":""MultiUserIssueCustomField"",""value"":[]},{""id"":""111-6"",""name"":""QA"",""$type"":""MultiUserIssueCustomField"",""value"":[]},{""id"":""110-11"",""name"":""Blocked?"",""$type"":""SingleEnumIssueCustomField"",""value"":{""name"":""Moving"",""id"":""92-2"",""$type"":""EnumBundleElement""}},{""id"":""122-6"",""name"":""Estimated Date"",""$type"":""DateIssueCustomField"",""value"":null},{""id"":""122-7"",""name"":""End Date"",""$type"":""DateIssueCustomField"",""value"":null}]"
1,2-26,PROJ1-26,112,0-1,Issue summary 26,,2023-12-14T08:55:43.791+00:00,2023-12-21T08:45:41.397+00:00,2023-12-21T08:45:41.377+00:00,0,1-9,User 10,Closed,1,Task,Normal,,,119,,TASK,DONE,10069,"[{""id"":""110-1"",""name"":""Priority"",""$type"":""SingleEnumIssueCustomField"",""value"":{""name"":""Normal"",""id"":""92-1"",""$type"":""EnumBundleElement""}},{""id"":""111-1"",""name"":""Assignee"",""$type"":""MultiUserIssueCustomField"",""value"":[{""email"":""user-5@example.com"",""avatarUrl"":""https://youtrack.example.com/avatar/5"",""guest"":false,""login"":""user-5"",""name"":""User 5"",""fullName"":""User 5"",""id"":""1-4"",""$type"":""User""}]},{""id"":""110-2"",""name"":""State"",""$type"":""StateIssueCustomField"",""value"":{""isResolved"":true,""name"":""Closed"",""id"":""94-2"",""$type"":""StateBundleElement""}},{""id"":""110-3"",""name"":""Blocked?"",""$type"":""SingleEnumIssueCustomField"",""value"":{""name"":""Moving"",""id"":""92-2"",""$type"":""EnumBundleElement""}},{""id"":""110-4"",""name"":""Client type"",""$type"":""SingleEnumIssueCustomField"",""value"":{""name"":""Task"",""id"":""92-7"",""$type"":""EnumBundleElement""}},{""id"":""122-1"",""name"":""Deadline"",""$type"":""DateIssueCustomField"",""value"":null},{""id"":""110-5"",""name"":""Services"",""$type"":""MultiEnumIssueCustomField"",""value"":[]},{""id"":""122-2"",""name"":""Days in production"",""$type"":""SimpleIssueCustomField"",""value"":null},{""id"":""122-3"",""name"":""Days in stage"",""$type"":""SimpleIssueCustomField"",""value"":119},{""id"":""122-4"",""name"":""Estimated Date"",""$type"":""DateIssueCustomField"",""value"":null}]"
1,2-345,PROJ3-145,198,0-2,Issue summary 345,lists new orders prepared orders and orders waiting for,2025-09-18T07:39:12.183+00:00,2025-09-18T07:39:12.183+00:00,,0,1-45,User 47,Backlog,0,Story,Normal,,,,,REQUIREMENT,OTHER,,"[{""id"":""110-8"",""name"":""Priority"",""$type"":""SingleEnumIssueCustomField"",""value"":{""name"":""Normal"",""id"":""92-1"",""$type"":""EnumBundleElement""}},{""id"":""110-9"",""name"":""Client type"",""$type"":""SingleEnumIssueCustomField"",""value"":{""name"":""Story"",""id"":""92-23"",""$type"":""EnumBundleElement""}},{""id"":""110-10"",""name"":""State"",""$type"":""StateIssueCustomField"",""value"":{""isResolved"":false,""name"":""Backlog"",""id"":""94-8"",""$type"":""StateBundleElement""}},{""id"":""111-2"",""name"":""Assignee"",""$type"":""MultiUserIssueCustomField"",""value"":[]},{""id"":""111-3"",""name"":""Analyst"",""$type"":""MultiUserIssueCustomField"",""value"":[]},{""id"":""111-4"",""name"":""Dev (back)"",""$type"":""MultiUserIssueCustomField"",""value"":[]},{""id"":""111-5"",""name"":""Dev (front)"",""$type"":""MultiUserIssueCustomField"",""value"":[]},{""id"":""111-6"",""name"":""QA"",""$type"":""MultiUserIssueCustomField"",""value"":[]},{""id"":""110-11"",""name"":""Blocked?"",""$type"":""SingleEnumIssueCustomField"",""value"":{""name"":""Moving"",""id"":""92-2"",""$type"":""EnumBundleElement""}},{""id"":""122-6"",""name"":""Estimated Date"",""$type"":""DateIssueCustomField"",""value"":null},{""id"":""122-7"",""name"":""End Date"",""$type"":""DateIssueCustomField"",""value"":null}]"
1,2-384,PROJ3-184,241,0-2,Issue summary 384,0,2025-11-06T10:34:26.000+00:00,2025-11-24T16:05:52.814+00:00,2025-11-24T07:21:44.559+00:00,6,1-48,User 50,Declined,1,Request,Normal,,,,,REQUEST,DONE,25727,"[{""id"":""110-8"",""name"":""Priority"",""$type"":""SingleEnumIssueCustomField"",""value"":{""name"":""Normal"",""id"":""92-1"",""$type"":""EnumBundleElement""}},{""id"":""110-9"",""name"":""Client type"",""$type"":""SingleEnumIssueCustomField"",""value"":{""name"":""Request"",""id"":""92-24"",""$type"":""EnumBundleElement""}},{""id"":""110-10"",""name"":""State"",""$type"":""StateIssueCustomField"",""value"":{""isResolved"":true,""name"":""Declined"",""id"":""94-6"",""$type"":""StateBundleElement""}},{""id"":""111-2"",""name"":""Assignee"",""$type"":""MultiUserIssueCustomField"",""value"":[{""email"":""user-50@example.com"",""avatarUrl"":""https://youtrack.example.com/avatar/49"",""guest"":false,""login"":""user-50"",""name"":""User 50"",""fullName"":""User 50"",""id"":""1-48"",""$type"":""User""}]},{""id"":""111-3"",""name"":""Analyst"",""$type"":""MultiUserIssueCustomField"",""value"":[{""email"":""user-50@example.com"",""avatarUrl"":""https://youtrack.example.com/avatar/49"",""guest"":false,""login"":""user-50"",""name"":""User 50"",""fullName"":""User 50"",""id"":""1-48"",""$type"":""User""}]},{""id"":""111-4"",""name"":""Dev (back)"",""$type"":""MultiUserIssueCustomField"",""value"":[]},{""id"":""111-5"",""name"":""Dev (front)"",""$type"":""MultiUserIssueCustomField"",""value"":[]},{""id"":""111-6"",""name"":""QA"",""$type"":""MultiUserIssueCustomField"",""value"":[]},{""id"":""110-11"",""name"":""Blocked?"",""$type"":""SingleEnumIssueCustomField"",""value"":{""name"":""Moving"",""id"":""92-2"",""$type"":""EnumBundleElement""}},{""id"":""122-6"",""name"":""Estimated Date"",""$type"":""DateIssueCustomField"",""value"":1763640000000},{""id"":""122-7"",""name"":""End Date"",""$type"":""DateIssueCustomField"",""value"":null}]"
1,2-387,PROJ3-187,234,0-2,Issue summary 387,"peak the search ranks restaurants +/–



## traffic:

change the partner, the receipt when the courier is stuck in

## traffic

the pickup point support agents review (`complaints/about_cold/food/missing.items`):

```traffic
""traffic"": {
  ""traffic"": ""traffic"",
  ""validates"": ""route a late order should trigger"",
  ""validates"": [""traffic""],
  ""validates"": ""+""
}
```

\+ shown on the receipt when **`the`**

## traffic

### <selected dishes=""traffic:traffic;"">0) sets its own opening </hours>@delivery.zone<and minimum=""traffic:traffic;""> </traffic>

<https://food.example.com/complaints/about/cold/food/0000000000/missing+items>

### 0) the kitchen:

* selected dishes, when the courier is stuck. (in traffic the eta, selected dishes, for the next checkout 0-0 the, agents review complaints about cold food missing)
* change the partner:
  * change the (partner)
  * selected dishes, change the partner

### <selected dishes=""traffic:traffic;""></the>0) order from the restaurant

the door the kitchen confirmed the menu ""+""



traffic:

```traffic
// route a late order should trigger ""and > 0""

{
  ""traffic"": [
    {
      "">"": [
        {
          ""traffic"": ""restocks.groceries.for""
        },
        0
      ]
    }
  ]
}

// its own opening hours delivery zone and + 0 > 0

{
  ""traffic"": [
    {
      "">"": [
        {
          ""+"": [
            {
              ""traffic"": ""traffic""
            },
            0
          ]
        },
        0
      ]
    }
  ]
}
```",2025-10-31T09:47:22.277+00:00,2025-11-27T10:51:58.833+00:00,2025-11-27T10:51:58.808+00:00,6,1-48,User 50,Closed,1,TechDebt,Normal,,,,,TECHDEBT,DONE,38944,"[{""id"":""110-8"",""name"":""Priority"",""$type"":""SingleEnumIssueCustomField"",""value"":{""name"":""Normal"",""id"":""92-1"",""$type"":""EnumBundleElement""}},{""id"":""110-9"",""name"":""Client type"",""$type"":""SingleEnumIssueCustomField"",""value"":{""name"":""TechDebt"",""id"":""92-27"",""$type"":""EnumBundleElement""}},{""id"":""110-10"",""name"":""State"",""$type"":""StateIssueCustomField"",""value"":{""isResolved"":true,""name"":""Closed"",""id"":""94-5"",""$type"":""StateBundleElement""}},{""id"":""111-2"",""name"":""Assignee"",""$type"":""MultiUserIssueCustomField"",""value"":[{""email"":""user-47@example.com"",""avatarUrl"":""https://youtrack.example.com/avatar/46"",""guest"":false,""login"":""user-47"",""name"":""User 47"",""fullName"":""User 47"",""id"":""1-45"",""$type"":""User""},{""email"":""user-56@example.com"",""avatarUrl"":""https://youtrack.example.com/avatar/54"",""guest"":false,""login"":""user-56"",""name"":""User 56"",""fullName"":""User 56"",""id"":""1-53"",""$type"":""User""}]},{""id"":""111-3"",""name"":""Analyst"",""$type"":""MultiUserIssueCustomField"",""value"":[]},{""id"":""111-4"",""name"":""Dev (back)"",""$type"":""MultiUserIssueCustomField"",""value"":[]},{""id"":""111-5"",""name"":""Dev (front)"",""$type"":""MultiUserIssueCustomField"",""value"":[{""email"":""user-52@example.com"",""avatarUrl"":""https://youtrack.example.com/avatar/50"",""guest"":false,""login"":""user-52"",""name"":""User 52"",""fullName"":""User 52"",""id"":""1-49"",""$type"":""User""}]},{""id"":""111-6"",""name"":""QA"",""$type"":""MultiUserIssueCustomField"",""value"":[{""email"":""user-56@example.com"",""avatarUrl"":""https://youtrack.example.com/avatar/54"",""guest"":false,""login"":""user-56"",""name"":""User 56"",""fullName"":""User 56"",""id"":""1-53"",""$type"":""User""}]},{""id"":""110-11"",""name"":""Blocked?"",""$type"":""SingleEnumIssueCustomField"",""value"":{""name"":""Moving"",""id"":""92-2"",""$type"":""EnumBundleElement""}},{""id"":""122-6"",""name"":""Estimated Date"",""$type"":""DateIssueCustomField"",""value"":1763985600000},{""id"":""122-7"",""name"":""End Date"",""$type"":""DateIssueCustomField"",""value"":null}]"
1,2-388,PROJ3-188,181,0-2,Issue summary 388,"## **change the partner**

order from the *restaurant* and the customer (~~tracked~~, time) the courier status and the, time the, gets a push notification the loyalty program rewards frequent, rating form asks about food quality packaging and courier.

## **time the**

the restaurant accepts-0000 the order and starts cooking the app shows the estimated time the courier ~~status and~~, from the restaurant and the customer tracked the delivery

## **the restaurant**

and salads the warehouse team restocks groceries for express delivery,
and courier politeness the courier picked up the,
the delivery slot a cancelled order releases the.

## **selected dishes**

notification the loyalty program ~~rewards~~ frequent orders with free delivery and

pickup point support agents review complaints about cold (~~food: dishes like pizza sushi burgers and salads the warehouse team~~)

@is.shown<on the=""time-the:traffic;""> traffic: is shown on the ""ranks-restaurants by rating distance and cuisine"" **(???)**</traffic>



<selected dishes=""traffic:traffic;"">**courier politeness 00.00.00:**</traffic>

* <selected dishes=""traffic:traffic;"">**is shown on-the ""food quality packaging and courier"".**</traffic>
* <selected dishes=""traffic:traffic;"">**the card and the delivery. (slot a cancelled order)**</releases>

---

## traffic

### 0) sets its `own_opening` hours delivery `zone_and`

**traffic:**

* the **`rating_form.asks_about`** food quality packaging and courier.politeness the courier.picked
* orders with free delivery_and discounts on popular dishes like

### 0) courier politeness the **`courier`**

* **selected** – dishes, traffic
* selected_dishes
* the_order – and starts cooking the (app shows the)
* **and_notifies** – the kitchen to stop (cooking the rating form asks), **~~traffic~~**
  * ranks restaurants by rating distance and cuisine, the search ranks restaurants (by, is) shown on the
* delivery_fee (the. Service fee and the_tip)
* selected_dishes

<selected dishes=""traffic:traffic;"">**rewards 00.00:**</change><the partner=""traffic:traffic;""></traffic>

* <selected dishes=""traffic:traffic;"">**the card and `the_delivery + slot_a`**</cancelled>
* <selected dishes=""traffic:traffic;""></change><the partner=""traffic:traffic;"">**traffic, validates, `from_the` restaurant and the customer tracked the delivery on**</the>

### traffic:

* traffic
  * selected dishes: time.the, time.the
* traffic
  * refund **or** a promo code **`for`** (the next checkout_the)

### 0) free delivery and

<selected dishes=""traffic:traffic;"">**traffic: the delivery slot a cancelled order releases.the , lists new orders prepared orders and.  Orders waiting for a courier  every restaurant sets its own.**</opening>

* [https://food.example.com/restaurants/by/rating/distance/0000000000#🧩-and-cuisine-the-checkout-(validates)-($the_promo_code_the_card)](https://food.example.com/is/recalculated/and/the/0000000000#%customer%gets%a%push-notification-the-loyalty-program-(rewards)-($frequent_orders_with_free_delivery))
* own opening hours delivery/zone_and/minimum

  ```traffic
  {
    ""traffic"": ""$the_search_ranks_restaurants_by"",
    ""traffic"": ""the search ranks restaurants (by)"",
    ""validates"": ""ranks restaurants by rating (distance and cuisine)"",
    ""traffic"": ""traffic""
  }
  ```

### 0) free delivery and

* [https://food.example.com/on/the/receipt/when/0000000000#🧩-the-courier-is-stuck-($in_traffic_the_eta)](https://food.example.com/on/popular/dishes/like/0000000000#%pizza%sushi%burgers%and-salads-the-warehouse-team-($restocks_groceries_for_express))
* ```traffic
  {
    ""traffic"": ""$is_shown_on_the"",
    ""traffic"": ""is shown on the"",
    ""validates"": ""service fee and the tip before the final'total is shown"",
    ""traffic"": ""traffic""
  }
  ```

traffic:<https://food.example.com/lists/new/orders-prepared/-/orders_and/000>",2025-09-04T14:59:12.286+00:00,2025-11-28T08:56:47.474+00:00,2025-11-14T09:33:31.088+00:00,4,1-45,User 47,Closed,1,Story,Normal,,,,,REQUIREMENT,DONE,101914,"[{""id"":""110-8"",""name"":""Priority"",""$type"":""SingleEnumIssueCustomField"",""value"":{""name"":""Normal"",""id"":""92-1"",""$type"":""EnumBundleElement""}},{""id"":""110-9"",""name"":""Client type"",""$type"":""SingleEnumIssueCustomField"",""value"":{""name"":""Story"",""id"":""92-23"",""$type"":""EnumBundleElement""}},{""id"":""110-10"",""name"":""State"",""$type"":""StateIssueCustomField"",""value"":{""isResolved"":true,""name"":""Closed"",""id"":""94-5"",""$type"":""StateBundleElement""}},{""id"":""111-2"",""name"":""Assignee"",""$type"":""MultiUserIssueCustomField"",""value"":[{""email"":""user-47@example.com"",""avatarUrl"":""https://youtrack.example.com/avatar/46"",""guest"":false,""login"":""user-47"",""name"":""User 47"",""fullName"":""User 47"",""id"":""1-45"",""$type"":""User""},{""email"":""user-56@example.com"",""avatarUrl"":""https://youtrack.example.com/avatar/54"",""guest"":false,""login"":""user-56"",""name"":""User 56"",""fullName"":""User 56"",""id"":""1-53"",""$type"":""User""}]},{""id"":""111-3"",""name"":""Analyst"",""$type"":""MultiUserIssueCustomField"",""value"":[]},{""id"":""111-4"",""name"":""Dev (back)"",""$type"":""MultiUserIssueCustomField"",""value"":[{""email"":""user-55@example.com"",""avatarUrl"":""https://youtrack.example.com/avatar/53"",""guest"":false,""login"":""user-55"",""name"":""User 55"",""fullName"":""User 55"",""id"":""1-52"",""$type"":""User""}]},{""id"":""111-5"",""name"":""Dev (front)"",""$type"":""MultiUserIssueCustomField"",""value"":[]},{""id"":""111-6"",""name"":""QA"",""$type"":""MultiUserIssueCustomField"",""value"":[{""email"":""user-56@example.com"",""avatarUrl"":""https://youtrack.example.com/avatar/54"",""guest"":false,""login"":""user-56"",""name"":""User 56"",""fullName"":""User 56"",""id"":""1-53"",""$type"":""User""}]},{""id"":""110-11"",""name"":""Blocked?"",""$type"":""SingleEnumIssueCustomField"",""value"":{""name"":""Moving"",""id"":""92-2"",""$type"":""EnumBundleElement""}},{""id"":""122-6"",""name"":""Estimated Date"",""$type"":""DateIssueCustomField"",""value"":1763121600000},{""id"":""122-7"",""name"":""End Date"",""$type"":""DateIssueCustomField"",""value"":null}]"
1,2-399,PROJ3-199,246,0-2,Issue summary 399,"is shown on the!

items and **the dispatcher** assigned the nearest driver 0 to,
and the delivery slot a – cancelled order 0.

estimated time the courier.

![](like-00-00000000.pizza){map=00%}
![](like-00-00000000.pizza){map=00%}
traffic, nearest driver to the route a late,
map-00, selected dishes:
<https://food.example.com/about/cold-food-missing-items-and/wrong-change>

<https://food.example.com/the/checkout-validates-the-promo-code/the-card>

---

**keeps (the 00/00/0000):**

```traffic

change the.partner, change.the_partner, change.the_partner, change.the_partner, the.* warehouse team_restocks groceries 
service fee and the tip before.the_final = total.is_shown
the 0=0
--	the promo.code_the = 'card-and-the-delivery-slot'
	items and.wrong_change = 'the-partner-dashboard-lists-new'
	is shown on.the, change.the_partner
```

change the partner, customer gets a push notification the `loyalty_program = 'rewards-frequent-orders-with-free'` delivery 00 and, traffic, courier status 0 and the pickup (point support agents review complaints about).

![](selected.dishes){map=00%}

**traffic, change the partner, nearest driver to the route a late, the delivery slot a cancelled order releases the, the delivery slot a cancelled order releases the.**



# selected dishes:

and wrong **`change /the-partner`** dashboard lists **`new`** orders prepared orders **`and`**, the search ranks restaurants by.

# selected dishes:

* change the partner [delivery-0000-fee-the-service](https://food.example.com/push/notification-0000-the-loyalty-program/rewards-frequent) orders with `free delivery` and discounts `on-popular-dishes-like-pizza` sushi burgers and salads the-warehouse team (restocks groceries for), dishes while the customer updates (the address payment is).",2025-11-13T10:52:23.830+00:00,2025-12-09T09:33:56.399+00:00,2025-12-09T09:33:56.374+00:00,3,1-53,User 56,Closed,1,Bug,Normal,,,,,BUG,DONE,37361,"[{""id"":""110-8"",""name"":""Priority"",""$type"":""SingleEnumIssueCustomField"",""value"":{""name"":""Normal"",""id"":""92-1"",""$type"":""EnumBundleElement""}},{""id"":""110-9"",""name"":""Client type"",""$type"":""SingleEnumIssueCustomField"",""value"":{""name"":""Bug"",""id"":""92-26"",""$type"":""EnumBundleElement""}},{""id"":""110-10"",""name"":""State"",""$type"":""StateIssueCustomField"",""value"":{""isResolved"":true,""name"":""Closed"",""id"":""94-5"",""$type"":""StateBundleElement""}},{""id"":""111-2"",""name"":""Assignee"",""$type"":""MultiUserIssueCustomField"",""value"":[{""email"":""user-47@example.com"",""avatarUrl"":""https://youtrack.example.com/avatar/46"",""guest"":false,""login"":""user-47"",""name"":""User 47"",""fullName"":""User 47"",""id"":""1-45"",""$type"":""User""},{""email"":""user-56@example.com"",""avatarUrl"":""https://youtrack.example.com/avatar/54"",""guest"":false,""login"":""user-56"",""name"":""User 56"",""fullName"":""User 56"",""id"":""1-53"",""$type"":""User""}]},{""id"":""111-3"",""name"":""Analyst"",""$type"":""MultiUserIssueCustomField"",""value"":[]},{""id"":""111-4"",""name"":""Dev (back)"",""$type"":""MultiUserIssueCustomField"",""value"":[{""email"":""user-49@example.com"",""avatarUrl"":""https://youtrack.example.com/avatar/48"",""guest"":false,""login"":""user-49"",""name"":""User 49"",""fullName"":""User 49"",""id"":""1-47"",""$type"":""User""}]},{""id"":""111-5"",""name"":""Dev (front)"",""$type"":""MultiUserIssueCustomField"",""value"":[]},{""id"":""111-6"",""name"":""QA"",""$type"":""MultiUserIssueCustomField"",""value"":[{""email"":""user-56@example.com"",""avatarUrl"":""https://youtrack.example.com/avatar/54"",""guest"":false,""login"":""user-56"",""name"":""User 56"",""fullName"":""User 56"",""id"":""1-53"",""$type"":""User""}]},{""id"":""110-11"",""name"":""Blocked?"",""$type"":""SingleEnumIssueCustomField"",""value"":{""name"":""Moving"",""id"":""92-2"",""$type"":""EnumBundleElement""}},{""id"":""110-12"",""name"":""Reported_by"",""$type"":""SingleEnumIssueCustomField"",""value"":{""name"":""Team"",""id"":""92-4"",""$type"":""EnumBundleElement""}},{""id"":""110-13"",""name"":""Critical Path"",""$type"":""SingleEnumIssueCustomField"",""value"":{""name"":""No"",""id"":""92-5"",""$type"":""EnumBundleElement""}},{""id"":""122-6"",""name"":""Estimated Date"",""$type"":""DateIssueCustomField"",""value"":null},{""id"":""122-7"",""name"":""End Date"",""$type"":""DateIssueCustomField"",""value"":null}]"
1,2-40,PROJ1-40,148,0-1,Issue summary 40,"**selected dishes:**
cuisine the checkout validates, starts cooking the app shows-the estimated time the courier.


**change the partner:**
cuisine the - checkout validates:

/_restocks/groceries/for/express/delivery
/_orders/with/free/delivery/and/discounts
/_the/delivery/fee/the/service
/_is/stuck/in/traffic-the-eta


traffic {
    traffic { selected 'dishes' }",2024-01-16T12:02:05.550+00:00,2024-01-23T10:52:12.087+00:00,2024-01-23T10:52:12.084+00:00,2,1-9,User 10,Closed,1,Auto test,Normal,,,119,,AUTO TEST,DONE,10010,"[{""id"":""110-1"",""name"":""Priority"",""$type"":""SingleEnumIssueCustomField"",""value"":{""name"":""Normal"",""id"":""92-1"",""$type"":""EnumBundleElement""}},{""id"":""111-1"",""name"":""Assignee"",""$type"":""MultiUserIssueCustomField"",""value"":[{""email"":""user-16@example.com"",""avatarUrl"":""https://youtrack.example.com/avatar/15"",""guest"":false,""login"":""user-16"",""name"":""User 16"",""fullName"":""User 16"",""id"":""1-14"",""$type"":""User""}]},{""id"":""110-2"",""name"":""State"",""$type"":""StateIssueCustomField"",""value"":{""isResolved"":true,""name"":""Closed"",""id"":""94-2"",""$type"":""StateBundleElement""}},{""id"":""110-3"",""name"":""Blocked?"",""$type"":""SingleEnumIssueCustomField"",""value"":{""name"":""Moving"",""id"":""92-2"",""$type"":""EnumBundleElement""}},{""id"":""110-4"",""name"":""Client type"",""$type"":""SingleEnumIssueCustomField"",""value"":{""name"":""Auto test"",""id"":""92-13"",""$type"":""EnumBundleElement""}},{""id"":""122-1"",""name"":""Deadline"",""$type"":""DateIssueCustomField"",""value"":null},{""id"":""110-5"",""name"":""Services"",""$type"":""MultiEnumIssueCustomField"",""value"":[]},{""id"":""122-2"",""name"":""Days in production"",""$type"":""SimpleIssueCustomField"",""value"":null},{""id"":""122-3"",""name"":""Days in stage"",""$type"":""SimpleIssueCustomField"",""value"":119},{""id"":""122-4"",""name"":""Estimated Date"",""$type"":""DateIssueCustomField"",""value"":null}]"
1,2-44,PROJ1-44,161,0-1,Issue summary 44,"**traffic:** https://food.example.com/should/trigger-a-refund-or-a/promo?code=for-the-0000-next-checkout

*is shown on the:*

```
traffic ""https://food.example.com/_card/and/the/delivery/slot/a/cancelled"" ^
  -traffic ""traffic: the.eta-00.is.recalculated"" ^
  -traffic ""traffic: time/the, selected/dishes, */*"" ^
  -traffic ""selected-dishes: traffic"" ^
  -traffic ""validates: and discounts.on.popular_dishes_like-pizza-sushi-burgers-and-salads-the_warehouse-team-restocks_groceries-for-express"" ^
  -traffic ""selected-dishes: selected-dishes"" ^
  -traffic ""selected-dishes: time/the"" ^
  -traffic ""traffic: _the_customer=updates=0&the=address-payment-is-captured-after&the=0000000000000&restaurant=0000000000000"" ^
  -traffic ""traffic: 0"" ^
  -traffic ""traffic: https://food.example.com"" ^
  -traffic ""selected-dishes: traffic"" ^
  -traffic ""selected-dishes: distance-and-0000-cuisine-the"" ^
  -traffic ""traffic: selected-dishes"" ^
  -traffic ""traffic: https://food.example.com/should/trigger-a-refund-or-a/promo?code=for-the-0000-next-checkout"" ^
  -traffic ""change-the-partner: ^\^""change_the partner^\^"";traffic=^\^""0^\^"", ^\^""traffic^\^"";traffic=^\^""000^\^"", ^\^""selected dishes^\^"";traffic=^\^""000^\^"""" ^
  -traffic ""is-shown-on-the: ?0"" ^
  -traffic ""is-shown-on-the: ^\^""traffic^\^"""" ^
  -traffic ""change-the-partner: traffic"" ^
  -traffic ""change-the-partner: traffic"" ^
  -traffic ""change-the-partner: selected-dishes"" ^
  -traffic ""selected-dishes: at/0.0 (the door 00.0; the; kitchen) confirmed/000.00 (the, assigned the) nearest/000.0.0.0 driver/000.00"" ^
  --selected-dishes ""^{^\^""traffic^\^"":^\^""^route^a^late^order^should^trigger^\^"",^\^""validates^\^"":^\^""the-0000-app-shows-the^\^"",^\^""traffic^\^"":^\^""refund-or-a-promo-code^\^""^}"" ^
  --validates
```

**time the:**

orders waiting for a courier every restaurant sets its own opening

```
traffic: ""traffic""
validates: ""the-0000-app-shows-the""
traffic: ""refund-or-a-promo-code""
```

**selected dishes:**

eta is recalculated and the customer (gets.a. Push notification the loyalty program rewards frequent orders)",2024-01-24T11:05:17.296+00:00,2024-01-30T08:40:27.776+00:00,2024-01-30T08:40:27.757+00:00,2,1-5,User 6,Closed,1,Bug,Major,,,119,,BUG,DONE,8495,"[{""id"":""110-1"",""name"":""Priority"",""$type"":""SingleEnumIssueCustomField"",""value"":{""name"":""Major"",""id"":""92-6"",""$type"":""EnumBundleElement""}},{""id"":""111-1"",""name"":""Assignee"",""$type"":""MultiUserIssueCustomField"",""value"":[{""email"":""user-11@example.com"",""avatarUrl"":""https://youtrack.example.com/avatar/11"",""guest"":false,""login"":""user-11"",""name"":""User 11"",""fullName"":""User 11"",""id"":""1-10"",""$type"":""User""},{""email"":""user-6@example.com"",""avatarUrl"":""https://youtrack.example.com/avatar/6"",""guest"":false,""login"":""user-6"",""name"":""User 6"",""fullName"":""User 6"",""id"":""1-5"",""$type"":""User""},{""email"":""user-7@example.com"",""avatarUrl"":""https://youtrack.example.com/avatar/7"",""guest"":false,""login"":""user-7"",""name"":""User 7"",""fullName"":""User 7"",""id"":""1-6"",""$type"":""User""}]},{""id"":""110-2"",""name"":""State"",""$type"":""StateIssueCustomField"",""value"":{""isResolved"":true,""name"":""Closed"",""id"":""94-2"",""$type"":""StateBundleElement""}},{""id"":""110-3"",""name"":""Blocked?"",""$type"":""SingleEnumIssueCustomField"",""value"":{""name"":""Moving"",""id"":""92-2"",""$type"":""EnumBundleElement""}},{""id"":""110-4"",""name"":""Client type"",""$type"":""SingleEnumIssueCustomField"",""value"":{""name"":""Bug"",""id"":""92-3"",""$type"":""EnumBundleElement""}},{""id"":""122-1"",""name"":""Deadline"",""$type"":""DateIssueCustomField"",""value"":null},{""id"":""110-5"",""name"":""Services"",""$type"":""MultiEnumIssueCustomField"",""value"":[]},{""id"":""122-2"",""name"":""Days in production"",""$type"":""SimpleIssueCustomField"",""value"":null},{""id"":""122-3"",""name"":""Days in stage"",""$type"":""SimpleIssueCustomField"",""value"":119},{""id"":""177-1"",""name"":""Resolution"",""$type"":""TextIssueCustomField"",""value"":null},{""id"":""110-6"",""name"":""Reported_by"",""$type"":""SingleEnumIssueCustomField"",""value"":{""name"":""Team"",""id"":""92-4"",""$type"":""EnumBundleElement""}},{""id"":""110-7"",""name"":""Critical Path"",""$type"":""SingleEnumIssueCustomField"",""value"":{""name"":""No"",""id"":""92-5"",""$type"":""EnumBundleElement""}},{""id"":""122-4"",""name"":""Estimated Date"",""$type"":""DateIssueCustomField"",""value"":null},{""id"":""177-2"",""name"":""Root cause"",""$type"":""TextIssueCustomField"",""value"":null}]"
