issue_id,label_name
youtrack:YoutrackIssue:1:2-1,Долго в работе
youtrack:YoutrackIssue:1:2-137,CAP
youtrack:YoutrackIssue:1:2-137,Frontend
youtrack:YoutrackIssue:1:2-137,Бизнес-ценность
youtrack:YoutrackIssue:1:2-170,CASINO
youtrack:YoutrackIssue:1:2-195,Backend
youtrack:YoutrackIssue:1:2-26,Долго в работе
youtrack:YoutrackIssue:1:2-387,back
youtrack:YoutrackIssue:1:2-387,front
youtrack:YoutrackIssue:1:2-387,okr
youtrack:YoutrackIssue:1:2-388,back
youtrack:YoutrackIssue:1:2-399,back
youtrack:YoutrackIssue:1:2-40,Долго в работе
youtrack:YoutrackIssue:1:2-44,Долго в работе
